{
    "input_path": "C:\\Users\\lol\\AppData\\Local\\Temp\\tmpjfogseox.png",
    "page_index": null,
    "model_settings": {
        "use_doc_preprocessor": false,
        "use_textline_orientation": false
    },
    "doc_preprocessor_res": {
        "input_path": null,
        "page_index": null,
        "model_settings": {
            "use_doc_orientation_classify": false,
            "use_doc_unwarping": false
        },
        "angle": -1
    },
    "dt_polys": [
        [
            [1767, 951],
            [1844, 951],
            [1844, 986],
            [1767, 986]
        ],
        [
            [33, 935],
            [574, 945],
            [572, 1032],
            [32, 1022]
        ],
        [
            [723, 811],
            [889, 802],
            [890, 834],
            [724, 843]
        ],
        [
            [1119, 795],
            [1280, 795],
            [1280, 830],
            [1119, 830]
        ],
        [
            [543, 747],
            [602, 747],
            [602, 782],
            [543, 782]
        ],
        [
            [502, 604],
            [643, 604],
            [643, 709],
            [502, 709]
        ],
        [
            [597, 561],
            [1455, 561],
            [1455, 795],
            [597, 795]
        ],
        [
            [721, 469],
            [1216, 469],
            [1216, 562],
            [721, 562]
        ],
        [
            [1636, 107],
            [1727, 62],
            [1783, 174],
            [1692, 219]
        ],
        [
            [57, 3],
            [188, 3],
            [188, 62],
            [57, 62]
        ]
    ],
    "text_det_params": {
        "limit_side_len": 64,
        "limit_type": "min",
        "thresh": 0.10000000,
        "max_side_limit": 4000,
        "box_thresh": 0.20000000,
        "unclip_ratio": 1.5
    },
    "text_type": "general",
    "textline_orientation_angles": [
        -1,
        -1,
        -1,
        -1,
        -1,
        -1,
        -1,
        -1,
        -1,
        -1
    ],
    "text_rec_score_thresh": 0.00000000,
    "text_rec_params": {
        "char_confidence_thresh": 0.00000000,
        "block_confidence_thresh": 0.00000000
    },
    "return_word_box": true,
    "rec_texts": [
        "载入中",
        "正在加入战式游s",
        "1mustb",
        "TODIE",
        "界",
        "C",
        "ARNIVAL",
        "DA.RK",
        "2",
        "黑色狂欢"
    ],
    "rec_scores": [
        0.66594046,
        0.88048053,
        0.80314916,
        0.80025136,
        0.86258823,
        0.83662403,
        0.97381538,
        0.93457210,
        0.88585216,
        0.76345098
    ],
    "rec_char_avg_scores": [
        0.99619406,
        0.70137918,
        0.89608502,
        0.95749217,
        0.09723996,
        0.77245033,
        0.95421588,
        0.87447298,
        0.06533244,
        0.98034322
    ],
    "rec_polys": [
        [
            [1767, 951],
            [1844, 951],
            [1844, 986],
            [1767, 986]
        ],
        [
            [33, 935],
            [574, 945],
            [572, 1032],
            [32, 1022]
        ],
        [
            [723, 811],
            [889, 802],
            [890, 834],
            [724, 843]
        ],
        [
            [1119, 795],
            [1280, 795],
            [1280, 830],
            [1119, 830]
        ],
        [
            [543, 747],
            [602, 747],
            [602, 782],
            [543, 782]
        ],
        [
            [502, 604],
            [643, 604],
            [643, 709],
            [502, 709]
        ],
        [
            [597, 561],
            [1455, 561],
            [1455, 795],
            [597, 795]
        ],
        [
            [721, 469],
            [1216, 469],
            [1216, 562],
            [721, 562]
        ],
        [
            [1636, 107],
            [1727, 62],
            [1783, 174],
            [1692, 219]
        ],
        [
            [57, 3],
            [188, 3],
            [188, 62],
            [57, 62]
        ]
    ]
}
